{"episodes": 500, "mean": 2248.840087890625, "std": 83.10997772216797}